{
  "step": 0,
  "timestamp": 1768465388.8399332,
  "training_metrics": {
    "recent_loss": 11.221237230300904,
    "recent_aux_loss": 0.0,
    "current_lr": 0.0001,
    "recent_gradient_norm": 0.0,
    "memory_usage_gb": 7.406134128570557
  },
  "expert_stats": {
    "specialization_scores": [
      0.0,
      0.0,
      0.0,
      0.0,
      0.0,
      0.0,
      0.0,
      0.0
    ],
    "efficiency_scores": [
      0.0,
      0.0,
      0.0,
      0.0,
      0.0,
      0.0,
      0.0,
      0.0
    ],
    "language_specialization": [
      [
        0.0,
        0.0,
        0.0
      ],
      [
        0.0,
        0.0,
        0.0
      ],
      [
        0.0,
        0.0,
        0.0
      ],
      [
        0.0,
        0.0,
        0.0
      ],
      [
        0.0,
        0.0,
        0.0
      ],
      [
        0.0,
        0.0,
        0.0
      ],
      [
        0.0,
        0.0,
        0.0
      ],
      [
        0.0,
        0.0,
        0.0
      ]
    ],
    "recommendations": {
      "specialized_experts": 