{
  "step": 0,
  "timestamp": 1768469360.8090189,
  "training_metrics": {
    "recent_loss": 11.084922075271606,
    "recent_aux_loss": 0.0,
    "current_lr": 0.0001,
    "recent_gradient_norm": 0.0,
    "memory_usage_gb": 3.4409308433532715
  },
  "expert_stats": {
    "specialization_scores": [
      0.0,
      0.0,
      0.0,
      0.0,
      0.0,
      0.0,
      0.0,
      0.0
    ],
    "efficiency_scores": [
      0.0,
      0.0,
      0.0,
      0.0,
      0.0,
      0.0,
      0.0,
      0.0
    ],
    "language_specialization": [
      [
        0.0,
        0.0,
        0.0
      ],
      [
        0.0,
        0.0,
        0.0
      ],
      [
        0.0,
        0.0,
        0.0
      ],
      [
        0.0,
        0.0,
        0.0
      ],
      [
        0.0,
        0.0,
        0.0
      ],
      [
        0.0,
        0.0,
        0.0
      ],
      [
        0.0,
        0.0,
        0.0
      ],
      [
        0.0,
        0.0,
        0.0
      ]
    ],
    "recommendations": {
      "specialized_experts": 